gis_id,srtu_id,srtu_name,state,average_fleet_held_val_2013-14,average_fleet_held_val_2012-13,average_fleet_operated_val_2013-14,average_fleet_operated_val_2012-13,fleet_utilisation_perc_2013-14,fleet_utilisation_perc_2012-13,avg_age_of_fleet_val_2013-14,avg_age_of_fleet_val_2012-13,over_aged_vehicles_perc_2013-14,over_aged_vehicles_perc_2012-13,number_of_accidents_2013-14,number_of_accidents_2012-13,number_of_fatal_accidents_2013-14,number_of_fatal_accidents_2012-1_3,revenue_earning_kilometres_2013-14,revenue_earning_kilometres_2012-13,number_of_accidents_per_lakh_reveue_earning_kilometres_2013-14,number_of_accidents_per_lakh_reveue_earning_kilometres_2012-13,number_of_fatal_accidents_per_lakh_reveue_earning_kilometres_2013-14,number_of_fatal_accidents_per_lakh_reveue_earni_ng_kilometres_2012-13,staff_strength_2013-14,staff_strength_2012-13,staff_bus_ratio_2013-14,staff_bus_ratio_2012-13,staff_productivity_2013-14,staff_productivity_2012-13,vehicle_productivity_2013-14,vehicle_productivity_2012-13,fuel_efficiency_2013-14,fuel_efficiency_2012-13,passenger_kilometres_offered_2013-14,passenger_kilometres_offered_2012-13,passenger_kms_p_erformed_2013-14,passenger_kms_performed_2012-13,occupancy_ratio_2013-14,occupancy_ratio_2012-13,passenger_carried_2013-14,passenger_carried_2012-13,passengers_carried_per_bus_per_day_2013-14,passengers_carried_per_bus_per_day_2012-13,total_revenue_2013-14,total_reven_ue_2012-13,total_cost_2013-14,total_cost_2012-13,net_profit_loss_2013-14,net_profit_loss_2012-13,revenue_per_km_2013-14,revenue_per_km_2012-13,cost_per_km_2013-14,cost_per_km_2012-13,profit_loss_per_km_2013-14,profit_loss_per_km_2012-13,revenue_per_bus_per_day_2013-14,revenue_per_bus_per_day_2012-13,cost_per_bus_per_day_2013-14,cost_per_bus_per_day_2012-13,profit_loss_per_bus_per_day_2013-14,profit_loss_per_bus_per_day_2012-13,staff_costs_2013-14,staff_costs_2012-13,fuel_lubricant_costs_2013-14,fuel_lubricant_costs_201_2-13,cost_of_tyres_tubes_2013-14,cost_of_tyres_tubes_2012-13,cost_of_spares_2013-14,cost_of_spares_2012-13,interest_2013-14,interest_2012-13,depreciation_2013-14,depreciation_2012-13,taxes_2013-14,taxes_2012-13,other_cost_2013-14,other_cost_2012-13,profit_before_tax_2013-14,profit_before_tax_2012-13,staff_cost_as_percent_of_total_cost_2013-14,staff_cost_as_percent_of_total_cost_2012-13,fuel_lubricant_cost_as_percent_of_total_cost_2013-14,fuel_lubricant_cost_as_percent_of_total_cost_2012-13,tyres_tubes_cost_as_percent_of_total_cost_2013-14,tyres_tubes_cost_as_percent_of_total_cost_2012-13,spares_cost_as_percent_of_total_cost_2013-14,spares_cost_as_percent_of_total_cost_2012-13,interest_cost_as_percent_of_total_cost_2013-14,interest_cost_as_percent_of_total_cost_2012-13,depreciation_cost_as_percent_of_total_cost_2013-14,depreciation_cost_as_percent_of_total_cost_2012-13,tax_cost_as_percent_of_total_cost_2013-14,tax_cost_as_percent_of_total_cost_2012-13,other_costs_as_percent_of_total_cost_2013-14,other_costs_as_percent_of_total_cost_2012-13,staff_cost_per_revenue_earning_km_2013-14,staff_cost_per_revenue_earning_km_2012-13,fuel_lubricant_cost_per_revenue_earning_km_2013-14,fuel_lubricant_cost_per_revenue_earning_km_2012-13,tyres_tubes_cost_per_revenue_earning_km_2013-14,tyres_tubes_cost_per_revenue_earning_km_2012-13,spares_cost_per_revenue_earning_km_2013-14,spares_cost_per_revenue_e_arning_km_2012-13,interest_cost_per_revenue_earning_km_2013-14,interest_cost_per_revenue_earning_km_2012-13,depreciation_cost_per_revenue_earning_km_2013-14,deprecia_tion_cost_per_revenue_earning_km_2012-13,tax_cost_per_revenue_earning_km_2013-14,tax_cost_per_revenue_earning_km_2012-13,other_costs_per_revenue_earning_km_2013-14,other_costs_per_revenue_earning_km_2012-13
G1,3,Andaman & Nicobar ST,A & N Islands,258,227,247,199,95.7,87.7,7.3,8.2,14,29,9,16,1,2,100.3,89.7,0.09,0.18,0.01,0.02,858,858,3.33,3.78,32.04,28.64,106.54,108.25,3.79,3.54,101.5,91.3,100.3,89.7,98.9,98.2,101.8,133.1,108.1,160.7,1886.55,1671.55,4870.71,4299.22,-2984.16,-2627.67,1880.34,1863.7,4854.69,4793.42,-2974.34,-2929.72,2003.35,2017.44,5172.25,5188.85,-3168.91,-3171.41,1675.44,1604.15,1594.07,1246.87,200,191.56,338.55,302.55,517.62,471.02,443.59,385.22,101.44,97.85,0,0,-2882.72,-2529.82,34.4,37.31,32.73,29,4.11,4.46,6.95,7.04,10.63,10.96,9.11,8.96,2.08,2.28,0,0,16.7,17.89,15.89,13.9,1.99,2.14,3.37,3.37,5.16,5.25,4.42,4.3,1.01,1.09,0,0
G2,2,Andhra Pradesh SRTC,Andhra Pradesh,22145,22477,20423,22402,92.2,99.7,NaN,NaN,NaN,NaN,2103,2413,805,928,26226,29783,0.08,0.08,0.03,0.03,122109,122287,5.51,5.44,58.84,66.73,324.46,363.03,5.15,5.15,1299236,1476939,882441,1017168,67.9,68.9,50381,51673.1,623.3,629.8,660324.12,666151.62,744592.96,669864.92,-84268.84,-3713.3,2517.82,2236.68,2839.14,2249.15,-321.32,-12.47,8169.37,8119.74,9211.92,8165,-1042.55,-45.26,299258.43,267343.43,251505.84,248260.86,17921.09,18730.75,10910.15,10288.36,38471.32,36861.9,39567.58,42734.72,45338.19,7789.2,41620.36,37855.7,-38930.65,4075.9,40.19,39.91,33.78,37.06,2.41,2.8,1.47,1.54,5.17,5.5,5.31,6.38,6.09,1.16,5.59,5.65,11.41,8.98,9.59,8.34,0.68,0.63,0.42,0.35,1.47,1.24,1.51,1.43,1.73,0.26,1.59,1.27
G3,4,Arunachal Pradesh ST,Arunachal Pradesh,219,207,104,104,47.5,50.2,9,8,53,56,1,1,NaN,NaN,81.1,76.7,0.01,0.01,NaN,NaN,809,809,3.69,3.91,27.47,25.98,101.48,101.53,3.33,3.33,91.9,79,83.1,78.5,90.5,99.4,0.3,0.3,0.4,0.4,16.2,15.4,54.95,53,-38.75,-37.6,19.97,20.08,67.74,69.09,-47.77,-49.02,20.27,20.38,68.74,70.15,-48.48,-49.77,26.95,25.98,13,12.02,1.49,1.45,13.51,13.55,0,0,0,0,0,0,0,0,-38.75,-37.6,49.04,49.02,23.66,22.68,2.71,2.74,24.59,25.57,0,0,0,0,0,0,0,0,0.33,0.34,0.16,0.16,0.02,0.02,0.17,0.18,0,0,0,0,0,0,0,0
G5,7,Bihar SRTC,Bihar,414,414,88,107,21.3,25.8,11.8,10.8,100,98,2,1,0,0,71.5,100.7,0.03,0.01,0,0,920,1204,2.22,2.91,21.3,22.9,47.33,66.61,4.31,4.32,3433,4831.2,2677.7,3575.1,78,74,26.5,52.9,17.5,35,1630.53,2053.36,2576.02,3062.69,-945.49,-1009.33,2279.82,2040.1,3601.82,3042.91,-1321.99,-1002.81,1079.04,1358.85,1704.73,2026.8,-625.7,-667.94,1224,1491,815.38,957.17,98.79,133.75,131.53,145.31,NaN,NaN,NaN,NaN,31.74,37.66,274.58,297.8,-913.75,-971.67,47.52,48.68,31.65,31.25,3.83,4.37,5.11,4.74,NaN,NaN,NaN,NaN,1.23,1.23,10.66,9.72,17.11,14.81,11.4,9.51,1.38,1.33,1.84,1.44,NaN,NaN,NaN,NaN,0.44,0.37,3.84,2.96
G6,9,Chandigarh TU,Chandigarh,468,472,401,424,85.7,89.8,6.86,6.1,51.6,23.5,131,115,5,6,335.2,373.2,0.39,0.31,0.01,0.02,1826,1921,3.9,4.07,50.29,53.22,196.23,216.6,3.42,3.62,16760,18658,15419.2,17165.4,92,92,611.9,671.6,358.2,389.8,10430.16,10795.1,17551.98,17812.39,-7121.82,-7017.29,3111.62,2892.89,5236.27,4773.39,-2124.65,-1880.5,6105.94,6266.02,10275.13,10339.21,-4169.2,-4073.19,7695.98,7105.61,5796.71,4643.61,315.74,287.01,833.03,753.99,74.22,74.2,758.38,762.88,830.72,1080.85,1247.2,3104.24,-6291.1,-5936.44,43.85,39.89,33.03,26.07,1.8,1.61,4.75,4.23,0.42,0.42,4.32,4.28,4.73,6.07,7.11,17.43,22.96,19.04,17.29,12.44,0.94,0.77,2.49,2.02,0.22,0.2,2.26,2.04,2.48,2.9,3.72,8.32
G10,10,Delhi TC,Delhi,5341,5602,4567,4805,85.5,85.8,6.3,5,27.57,30.01,225,251,63,68,3165.21,3534.09,0.07,0.07,0.02,0.02,35503,38103,6.65,6.8,24.43,25.41,162.36,172.84,2.79,2.82,186747.39,208511.31,155143.46,180219.85,83.1,86.4,15867.61,17071.79,813.9,834.9,120957.8,130444.24,466803.19,429667.95,-345845.39,-299223.71,3821.48,3691.03,14747.94,12157.81,-10926.46,-8466.78,6204.67,6379.53,23945.19,21013.43,-17740.53,-14633.9,127334.08,121432.98,54621.78,56868.78,885.6,959.39,2737.18,2752.34,234915.48,203959.67,17141.82,17744.39,2249.87,2169.2,26917.38,23781.2,-343595.52,-297054.51,27.28,28.26,11.7,13.24,0.19,0.22,0.59,0.64,50.32,47.47,3.67,4.13,0.48,0.5,5.77,5.53,40.23,34.36,17.26,16.09,0.28,0.27,0.86,0.78,74.22,57.71,5.42,5.02,0.71,0.61,8.5,6.73
G11,15,Kadamba TC Ltd.,Goa,547,425,313,276,57.2,64.9,4.5,6.5,4.8,16.9,59,80,5,9,286,255.64,0.21,0.31,0.02,0.04,2013,1861,3.68,4.38,38.93,37.63,143.27,164.8,4.34,4.48,11069.8,8397.8,7782,7902,70.3,94.1,317.3,301.1,158.9,194.1,12464.47,9477.47,14869.25,10801.64,-2404.78,-1324.17,4357.6,3707.35,5198.31,4225.33,-840.71,-517.98,6243,4093.41,7447.47,6963.18,-1204.47,-853.61,8051.53,6349.9,3956.64,2879.63,236.21,220.97,107.5,163.59,573.82,690.51,1028.98,510.19,173.93,157.64,740.64,-170.79,-2230.85,-1166.53,54.15,58.79,26.61,26.66,1.59,2.05,0.72,1.51,3.86,6.39,6.92,4.72,1.17,1.46,4.98,-1.58,28.15,24.84,13.83,11.26,0.83,0.86,0.38,0.64,2.01,2.7,3.6,2,0.61,0.62,2.59,-0.67
G12,1,Ahmedabad MTC,Gujrat,1036,1120,728,750,70.3,67,6.3,6.7,18.4,24.1,552,578,17,15,541.8,541.1,1.02,1.07,0.03,0.03,5293,5739,5.11,5.12,28.05,25.83,143.29,132.35,3.07,3.17,29621.6,30647.4,15351.8,19022.7,51.8,62.1,2022.7,2396,534.9,586.1,15374.75,14373.79,35633.82,31591.22,-20259.07,-17217.43,2837.61,2656.6,6576.69,5838.76,-3739.08,-3182.17,4065.89,3516.09,9423.45,7727.79,-5357.56,-4211.7,17012,15724.96,5361.68,5249,246.66,182.27,322.79,455.2,738.38,643.37,0,0,160.12,188.52,11792.19,9147.9,-20098.95,-17028.91,47.74,49.78,15.05,16.62,0.69,0.58,0.91,1.44,2.07,2.04,0,0,0.45,0.6,33.09,28.96,31.4,29.06,9.9,9.7,0.46,0.34,0.6,0.84,1.36,1.19,0,0,0.3,0.35,21.76,16.91
G12,11,Gujarat SRTC,Gujrat,7852,7719,6652,6694,84.7,86.7,NaN,NaN,1.9,2.9,729,729,149,129,10327.6,10349,0.07,0.07,0.01,0.01,40070,40370,5.1,5.23,70.61,70.23,360.35,367.32,5.5,5.51,508471.6,508151,336104.2,351520.5,66.1,69.2,8049.6,8410.6,280.9,298.5,277819.16,248547.88,297164.54,272131.43,-19345.38,-23583.55,2690.07,2401.66,2877.39,2629.54,-187.32,-227.88,9693.69,8821.78,10368.69,9658.84,-675,-837.06,106480.33,103470.96,113288.71,96740.52,7116.87,6591.88,3172.82,2979.31,9426.61,8365.61,15780.2,15840.96,32422.33,29146.85,9476.67,8995.34,13076.95,5563.3,35.83,38.02,38.12,35.55,2.39,2.42,1.07,1.09,3.17,3.07,5.31,5.82,10.91,10.71,3.19,3.31,10.31,10,10.97,9.35,0.69,0.64,0.31,0.29,0.91,0.81,1.53,1.53,3.14,2.82,0.92,0.87
G13,12,Haryana ST,Haryana,3816,3755,3393,3474,88.9,92.5,3.1,3.1,3,3,241,295,91,92,4213.2,4225.8,0.06,0.07,0.02,0.02,18634,18974,4.88,5.05,61.95,61.02,302.49,308.32,4.73,4.76,210658,211289,152849,164849,72.6,78,4466.1,4527.2,320.6,330.3,124308.49,113245.18,164987.88,141726.37,-40679.39,-28481.19,2950.48,2679.86,3916.01,3353.85,-965.53,-673.99,8924.82,4522.65,11845.43,10340.65,-2920.61,-2078.05,69657.77,61986.36,55097.58,41722.41,2696.09,3101.53,3177.97,2751.18,2900,2900,3380,3380,22726.93,20821.31,5351.54,5063.58,-17952.46,-7659.88,42.22,43.74,33.39,29.44,1.63,2.19,1.93,1.94,1.76,2.05,2.05,2.38,13.77,14.69,3.24,3.57,16.53,14.67,13.08,9.87,0.64,0.73,0.75,0.65,0.69,0.69,0.8,0.8,5.39,4.93,1.27,1.2
G14,13,Himachal RTC,Himachal Pradesh,2162,2076,2144,2013,99.2,97,NaN,NaN,20,23,100,97,24,15,1691.3,1638.9,0.06,0.06,0.01,0.01,8777,8419,4.06,4.06,52.79,53.33,214.33,216.29,3.58,3.61,74418.5,72110.7,74418.5,72110.7,100,100,NaN,NaN,NaN,NaN,NaN,NaN,NaN,NaN,NaN,NaN,NaN,NaN,NaN,NaN,NaN,NaN,NaN,NaN,NaN,NaN,NaN,NaN,NaN,NaN,NaN,NaN,NaN,NaN,NaN,NaN,NaN,NaN,NaN,NaN,NaN,NaN,NaN,NaN,NaN,NaN,NaN,NaN,NaN,NaN,NaN,NaN,NaN,NaN,NaN,NaN,NaN,NaN,NaN,NaN,NaN,NaN,NaN,NaN,NaN,NaN,NaN,NaN,NaN,NaN,NaN,NaN,NaN,NaN,NaN,NaN,NaN,NaN
G15,14,J&K SRTC,Jammu & Kashmir,694,704,315,329,45.4,46.7,10.3,9,53,50,32,20,6,5,201.5,207.1,0.16,0.1,0.03,0.02,2235,2207,3.22,3.13,24.7,25.71,79.55,80.59,4.28,4.24,8463.4,8697.8,6435.9,6929,76,79.7,51.8,50.7,20.4,19.7,5784.89,5453.78,10183.98,8234.63,-4399.09,-2780.85,2870.77,2633.53,5053.83,3976.35,-2183.06,-1342.82,2283.72,1622.52,4020.36,3204.63,-1736.64,-1082.21,5507.54,4169.22,2764.7,2251.38,235.77,229.24,225.69,203.86,NaN,NaN,491.96,456.29,756.64,729.3,201.68,195.34,-3642.45,-2051.55,54.08,50.63,27.15,27.34,2.32,2.78,2.22,2.48,NaN,NaN,4.83,5.54,7.43,8.86,1.98,2.37,27.33,20.13,13.72,10.87,1.17,1.11,1.12,0.98,NaN,NaN,2.44,2.2,3.75,3.52,1,0.94
G17,6,Bangalore Metropolitan TC,Karnataka,6603,6328,6022,5745,91.2,90.8,5.3,4.6,4.6,5.1,370,384,80,88,4795.9,4638.4,0.08,0.08,0.02,0.02,36076,34278,5.46,5.42,36.42,37.07,198.99,200.82,3.82,3.84,303675.2,302751.4,198796.6,214586.1,65.5,70.9,17938,17111.7,744.3,740.9,201394.23,166045.58,215146.98,180841.03,-13752.75,-14795.45,4199.3,3579.82,4486.06,3898.8,-286.76,-318.98,8356.28,7188.99,8926.91,7829.57,-570.63,-640.57,90245.67,75799.7,76621.97,61794.82,3515.13,3685.7,5899.59,6112.66,5972.88,3230.17,13614.62,12742.02,9798.93,8413.81,9478.19,9062.15,-3953.82,-6381.64,41.95,41.92,35.61,34.17,1.63,2.04,2.74,3.38,2.78,1.79,6.33,7.05,4.55,4.65,4.41,5.01,18.82,16.34,15.98,13.32,0.73,0.79,1.23,1.32,1.25,0.7,2.84,2.75,2.04,1.81,1.98,1.95
G17,16,Karnataka SRTC,Karnataka,8255,7831,7532,7184,91.2,91.7,3.8,3.6,22.8,11.6,1266,1170,303,269,9882.3,9415.6,0.13,0.12,0.03,0.03,38776,36249,4.7,4.63,69.82,71.16,327.98,329.41,4.76,4.8,514568.8,489613.3,354624.8,368678.8,68.9,75.3,9565.5,9390.9,317.5,328.5,296626.35,259233,304182.14,259058.8,-7555.79,174.2,3001.61,2753.22,3078.07,2751.37,-76.46,1.85,9844.64,9069.43,10095.41,9063.34,-250.77,6.09,98128.66,87540.78,125105.84,101254.3,9434.19,9686.82,8829.02,8055.31,3022.22,2256.68,20916.15,19566.89,14542.09,12813.47,24203.97,18456.81,6986.3,12987.67,32.26,33.79,41.13,39.09,3.1,3.74,2.9,3.11,0.99,0.87,6.88,7.55,4.78,4.95,7.96,7.12,9.93,9.3,12.66,10.75,0.95,1.03,0.89,0.86,0.31,0.24,2.12,2.08,1.47,1.36,2.45,1.96
G17,25,North Eastern Karnataka RTC,Karnataka,4247,4058,3794,3631,89.3,89.5,5.3,5.1,17.5,12.3,479,431,121,126,4576.2,4488.4,0.1,0.1,0.03,0.03,19128,18455,4.5,4.55,65.54,66.63,295.21,303.03,5.14,5.22,247112.6,237887.5,153731.8,154907.6,62.2,65.1,4872.8,4836.3,314.3,326.5,131070.19,113340.6,134941.85,115433.25,-3871.66,-2092.65,2864.2,2525.17,2948.8,2571.79,-84.6,-46.62,8455.3,7652.1,8705.06,7793.38,-249.76,-141.28,48159.18,42523.39,54121.09,44475.86,5621.67,5098.52,3084.75,2455.86,1603.75,1535.25,7487.52,7806.32,6200.28,5343.28,8663.61,6194.77,2328.62,3250.63,35.69,36.84,40.11,38.53,4.17,4.42,2.29,2.13,1.19,1.33,5.55,6.76,4.59,4.63,6.42,5.37,10.52,9.47,11.83,9.91,1.23,1.14,0.67,0.55,0.35,0.34,1.64,1.74,1.35,1.19,1.89,1.38
G17,26,North Western Karnataka RTC,Karnataka,4615,4523,4385,4210,95,93.1,NaN,NaN,26.5,21.1,NaN,NaN,NaN,NaN,5503.2,5272.6,NaN,NaN,NaN,NaN,22508,22262,4.88,4.92,66.99,64.89,326.7,319.38,5.1,5.09,280663,263630,172959,171826,61.6,65.2,8395,8212.5,498.4,497.5,154459.77,131400,160339,137731.33,-5879.23,-6331.33,2806.73,2492.13,2913.56,2612.21,-106.83,-120.08,9169.61,7959.32,9518.63,8342.83,-349.02,-383.51,56733.76,51710.09,63499.3,52075.91,4721.21,4387.47,2947.78,4176.93,3106.41,3345.63,9757.04,9749.07,7036.89,5877.8,12536.61,6408.43,1157.66,-453.53,35.38,37.54,39.6,37.81,2.94,3.19,1.84,3.03,1.94,2.43,6.09,7.08,4.39,4.27,7.82,4.65,10.31,9.81,11.54,9.88,0.86,0.83,0.54,0.79,0.56,0.63,1.77,1.85,1.28,1.11,2.28,1.22
G18,17,Kerala SRTC,Kerala,5830,5847,4704,4772,80.7,81.6,6.7,6.5,25,23.6,1037,1086,182,154,5552.3,5554.9,0.19,0.2,0.03,0.03,42240,39712,7.25,6.79,36.01,38.32,260.92,260.29,4.21,4.25,6907.1,6786,NaN,NaN,NaN,NaN,11634.3,12156.3,546.7,569.6,169058,161701.72,227706,216788.28,-58648,-55086.56,3044.83,2910.97,4101.11,3902.65,-1056.28,-991.68,7944.64,7576.85,10700.72,10158.04,-2756.08,-2581.19,66978,57978.23,72000,70216.03,4845,4807.87,4537,4190.1,22846,25222.28,6700,6610.21,27000,26956.66,22800,20806.9,-31648,-28129.9,29.41,26.74,31.62,32.39,2.13,2.22,1.99,1.93,10.03,11.63,2.94,3.05,11.86,12.43,10.01,9.6,12.06,10.44,12.97,12.64,0.87,0.87,0.82,0.75,4.11,4.54,1.21,1.19,4.86,4.85,4.11,3.75
G21,5,BEST Undertaking,Maharashtra,4314,4484,3753,3799,87,84.7,7.6,6.6,0,0,700,770,31,30,2550.8,2652,0.27,0.29,0.01,0.01,36494,36620,8.46,8.17,19.15,19.84,161.99,162.04,2.84,2.87,168352,175032,98432,114458,58.5,65.4,13068,14096,829.9,861.3,143510.38,142568.38,218435.18,205611.6,-74924.8,-63043.22,5626.14,5375.88,8563.47,7753.08,-2937.33,-2377.2,9114.03,8710.93,13872.34,12562.88,-4758.31,-3851.94,138497.95,121381.37,43879.13,38846.45,2615.46,2620.02,7654.12,7146.35,11542.91,16118.52,3736.16,6749.1,2483.58,2616.08,8025.87,10133.71,-72441.22,-60427.14,63.4,59.03,20.09,18.89,1.2,1.27,3.5,3.48,5.28,7.84,1.71,3.28,1.14,1.27,3.67,4.93,54.3,45.77,17.2,14.65,1.03,0.99,3,2.69,4.53,6.08,1.46,2.54,0.97,0.99,3.15,3.82
G21,18,Maharashtra SRTC,Maharashtra,18055,17497,16523,16215,91.5,92.7,3.9,3.1,0,6.7,3154,3078,387,369,20466,19931,0.15,0.15,0.02,0.02,107885,100052,5.98,5.72,51.97,54.58,310.56,312.08,4.77,4.87,906642,886740,528386,536151,58.3,60.5,25630,26064,388.9,408.1,673626,609579,732321,652462,-58695,-42883,3291.44,3058.45,3578.23,3273.6,-286.79,-215.16,10221.83,9544.95,11112.48,10216.42,-890.66,-671.47,280125,263343,256529,205589,18994,16981,13906,13663,134,250,40793,36457,99735,90682,22105,25497,41040,47799,38.25,40.36,35.03,31.51,2.59,2.6,1.9,2.09,0.02,0.04,5.57,5.59,13.62,13.9,3.02,3.91,13.69,13.21,12.53,10.32,0.93,0.85,0.68,0.69,0.01,0.01,1.99,1.83,4.87,4.55,1.08,1.28
G21,23,Navi Mumbai MT,Maharashtra,356,336,222,224,62.4,66.7,5.3,5.86,17.1,12.2,272,346,0,5,231.61,255.68,1.17,1.35,0,0.02,2116,2649,5.94,7.88,29.99,26.44,178.24,208.48,2.81,2.95,NaN,NaN,NaN,NaN,NaN,NaN,746.05,857.54,574.1,699.2,8998.75,10103.96,12644.86,11740.99,-3646.11,-1637.03,3885.3,3951.8,5459.55,4592.06,-1574.25,-640.27,6925.31,8238.71,9731.31,9573.54,-2806,-1334.83,4894.23,4562.82,3809.79,3620.8,257.94,246.81,2286.91,1821.53,137.64,142.23,1028.73,1028.73,229.62,318.07,NaN,NaN,-3416.49,-1318.96,38.71,38.86,30.13,30.84,2.04,2.1,18.09,15.51,1.09,1.21,8.14,8.76,1.82,2.71,NaN,NaN,21.13,17.85,16.45,14.16,1.11,0.97,9.87,7.12,0.59,0.56,4.44,4.02,0.99,1.24,NaN,NaN
G21,29,Pune Mahamandal,Maharashtra,1841,1832,1295,1254,70.3,68.4,8,7.2,0,0,63,95,12,14,1096.8,1056.1,0.06,0.09,0.01,0.01,10466,10879,5.68,5.94,28.71,26.6,163.22,157.94,3.21,3.32,64217.9,62456.7,47930.8,43985.4,74.6,70.4,4248.9,4352,632.3,650.8,60262.53,53261.97,70203.26,59523.5,-9940.73,-6261.53,5494.45,5043.22,6400.79,5636.11,-906.35,-592.89,8968.11,7965.24,10447.46,8901.64,-1479.35,-936.4,34035.95,29351.1,13415.46,11583.12,1776.14,1871.71,NaN,NaN,439.44,425.2,3848.93,4557.95,2177.09,1538.94,14510.25,10195.48,-7763.64,-4722.59,48.48,49.31,19.11,19.46,2.53,3.14,0,0,0.63,0.71,5.48,7.66,3.1,2.59,20.67,17.13,31.03,27.79,12.23,10.97,1.62,1.77,0,0,0.4,0.4,3.51,4.32,1.98,1.46,13.23,9.65
G21,36,Thane MT,Maharashtra,313,313,208,203,66.5,64.9,NaN,NaN,5.1,4.1,62,74,NaN,2,141.1,149.1,0.44,0.5,NaN,0.01,2294,2313,7.33,7.39,16.85,17.66,123.51,130.53,2.09,2.36,NaN,NaN,NaN,NaN,NaN,NaN,734.4,878.4,642.8,768.9,8074.64,7005.11,10787.33,9590.81,-2712.69,-2585.7,5722.64,4697.63,7645.17,6431.61,-1922.53,-1733.97,7067.83,6131.66,9442.28,8394.95,-2374.45,-2263.29,6040.82,5162.74,3101.31,2722.14,132.21,172.63,399.07,315.79,NaN,NaN,NaN,NaN,NaN,NaN,1113.92,1217.51,NaN,NaN,56,53.83,28.75,28.38,1.23,1.8,3.7,3.29,NaN,NaN,NaN,NaN,NaN,NaN,10.33,12.69,42.81,34.62,21.98,18.25,0.94,1.16,2.83,2.12,NaN,NaN,NaN,NaN,NaN,NaN,7.89,8.16
G23,19,Meghalaya STC,Meghalaya,65,52,40,26,61.5,50,8,9,63,65,0,1,0,0,21.2,16.2,0,0.06,0,0,276,288,4.25,5.54,20.99,15.42,89.15,85.41,4.57,3.63,696.3,534.9,394.2,274.8,63.9,52,3.7,2.7,15.6,14.4,835.19,1059.36,1208.19,1401.2,-373,-341.84,3948.89,6535.23,5712.48,8644.05,-1763.59,-2108.82,3520.3,5581.45,5092.48,7382.51,-1572.18,-1801.05,846.39,1060.24,209.2,173.8,14.96,17.85,12.3,18.37,NaN,NaN,66.23,49.8,8.93,35.99,50.18,45.15,-364.07,-305.85,70.05,75.67,17.32,12.4,1.24,1.27,1.02,1.31,NaN,NaN,5.48,3.55,0.74,2.57,4.15,3.22,40.02,65.41,9.89,10.72,0.71,1.1,0.58,1.13,NaN,NaN,3.13,3.07,0.42,2.22,2.37,2.79
G24,21,Mizoram ST,Mizoram,34,34,16,19,47.1,55.9,5.2,4.3,5.9,0,0,0,0,0,6.5,7.1,0,0,0,0,418,418,12.29,12.29,4.28,4.67,52.62,57.45,3,3.2,NaN,NaN,NaN,NaN,NaN,NaN,0.5,0.5,3.6,4.3,170.52,194.6,2402.36,1890.14,-2231.84,-1695.54,2611.33,2729.31,36789.59,26509.68,-34178.25,-23780.36,1374.05,1568.09,19358.26,15230.78,-17984.21,-13662.69,2172.98,1728.1,128.84,94.63,39.78,36.65,60.74,30.74,0,0,0,0,0.02,0.02,0,0,-2231.82,-1695.52,90.45,91.43,5.36,5.01,1.66,1.94,2.53,1.63,0,0,0,0,0,0,0,0,332.77,242.37,19.73,13.27,6.09,5.14,9.3,4.31,0,0,0,0,0,0,0,0
G25,22,Nagaland ST,Nagaland,213,233,123,114,57.7,48.9,5.5,5.5,44.8,52.9,0,6,0,3,59.7,58,0,0.1,0,0.05,1050,1050,4.93,4.51,15.56,15.13,76.73,68.2,3.78,3.75,NaN,NaN,NaN,NaN,NaN,NaN,15,15,19.3,17.6,1225,1137,5051,4468,-3826,-3331,2053.65,1960.34,8467.73,7703.45,-6414.08,-5743.1,1575.66,1336.94,6496.88,5253.69,-4921.22,-3916.75,3298,2934,802,672,239,159,259,267,NaN,NaN,377,372,42,42,34,22,-3784,-3289,65.29,65.67,15.88,15.04,4.73,3.56,5.13,5.98,NaN,NaN,7.46,8.33,0.83,0.94,0.67,0.49,55.29,50.59,13.45,11.59,4.01,2.74,4.34,4.6,NaN,NaN,6.32,6.41,0.7,0.72,0.57,0.38
G26,27,Odisha SRTC,Odisha,422,376,299,294,70.9,78.2,4.4,4.6,5,11,26,46,NaN,NaN,291.4,320.5,0.09,0.14,NaN,NaN,697,770,1.65,2.05,114.55,114.05,189.2,233.55,4.66,4.59,NaN,NaN,NaN,NaN,NaN,NaN,54.8,57.2,35.6,41.7,7792.26,7643.57,7810.59,6923.1,-18.33,720.47,2673.8,2384.67,2680.09,2159.89,-6.29,224.77,5058.92,5569.49,5070.82,5044.52,-11.9,524.97,1889.16,1329.41,3725.93,3504.09,394.35,432.33,345.55,348.42,111,111,667.92,574.93,367.53,365.77,309.15,257.15,349.2,1086.24,24.19,19.2,47.7,50.61,5.05,6.24,4.42,5.03,1.42,1.6,8.55,8.3,4.71,5.28,3.96,3.71,6.48,4.15,12.78,10.93,1.35,1.35,1.19,1.09,0.38,0.35,2.29,1.79,1.26,1.14,1.06,0.8
G28,28,Pepsu RTC,Punjab,989,981,866,860,87.6,87.7,8,8,65,60,153,150,17,29,1073.84,1089.89,0.14,0.14,0.02,0.03,3742,4397,3.78,4.48,78.62,67.91,297.47,304.38,4.45,4.44,1081.54,1107.22,1073.84,1089.89,99.3,98.4,NaN,NaN,NaN,NaN,36712.84,34083.71,40294.21,35180.58,-3581.37,-1096.87,3418.84,3127.26,3752.35,3227.9,-333.51,-100.64,10170.18,9518.86,11162.29,9825.19,-992.11,-306.33,16352.11,12999.32,13107.95,11287.42,559.61,574.11,357.46,431.11,793.71,950.03,929.93,855.29,3589.06,3108.72,4604.38,4974.58,7.69,2011.85,40.58,36.95,32.53,32.08,1.39,1.63,0.89,1.23,1.97,2.7,2.31,2.43,8.91,8.84,11.43,14.14,15.23,11.93,12.21,10.36,0.52,0.53,0.33,0.4,0.74,0.87,0.87,0.78,3.34,2.85,4.29,4.56
G28,30,PUNBUS,Punjab,1212,1201,1212,1201,100,100,7,7,NaN,NaN,33,47,14,15,1262.6,1386.3,0.03,0.03,0.01,0.01,2500,2500,2.06,2.08,138.36,151.92,285.4,316.24,4.5,4.54,78212.2,77504.1,44281.8,45132.3,56.6,58.2,1266.6,1252,286.3,285.6,37120.62,40058.62,34918.9,33352.74,2201.72,6705.88,2940.13,2889.63,2765.74,2405.9,174.39,483.73,8391.12,9138.19,7893.42,7608.44,497.7,1529.75,8876.04,8458,15252.89,13907.3,1061.57,1093.91,803.95,774.86,286.15,317.5,1280.99,1806.59,6430.91,6272.14,926.4,722.44,8632.63,12978.02,25.42,25.36,43.68,41.7,3.04,3.28,2.3,2.32,0.82,0.95,3.67,5.42,18.42,18.81,2.65,2.17,7.03,6.1,12.08,10.03,0.84,0.79,0.64,0.56,0.23,0.23,1.01,1.3,5.09,4.52,0.73,0.52
G28,31,State Transport Punjab,Punjab,439,726,439,726,100,100,7,7,31.7,58.7,9,7,3,1,328.8,409,0.03,0.02,0.01,0,4720,5013,10.75,6.9,19.09,22.35,205.22,154.35,4.5,4.54,16665.9,27557.5,12541.4,16749.9,75.3,60.8,405.2,372.3,252.8,140.5,10967.29,14076.24,20764.39,21326.47,-9797.1,-7250.23,3335.14,3441.46,6314.44,5214.04,-2979.29,-1772.59,6844.5,5311.99,12958.71,8048.03,-6114.21,-2736.04,14757.6,14864.13,3943.21,4140.58,183.85,243.98,151.82,236.53,149.47,209.59,36.39,59.37,1370.24,1413,171.81,159.29,-8426.86,-5837.23,71.07,69.7,18.99,19.42,0.89,1.14,0.73,1.11,0.72,0.98,0.18,0.28,6.6,6.63,0.83,0.75,44.88,36.34,11.99,10.12,0.56,0.6,0.46,0.58,0.45,0.51,0.11,0.15,4.17,3.45,0.52,0.39
G29,32,Rajasthan SRTC,Rajasthan,4674,4480,4202,4075,89.9,91,3.7,4.1,10.5,15.2,488,390,168,149,5995.8,8904.2,0.08,0.04,0.03,0.02,21384,19822,4.58,4.42,76.82,123.07,351.45,544.53,4.93,4.93,299790.5,295211.5,222144.76,211371.43,74.1,71.6,3466,3129.1,203.2,191.4,162122.69,144331.97,194564.63,177995.9,-32441.94,-64840.65,2703.93,1620.94,3245.01,1999,-541.08,-728.2,9503.03,8826.56,11404.66,10885.27,-1901.63,-3965.3,71534.68,74224.42,64698.93,51885.11,4623.28,4504.64,2267.5,2343.52,7685.05,6920.59,6212.57,4157.55,14929.48,14422.53,22613.14,19537.54,-17512.46,-50418.12,36.77,41.7,33.25,29.15,2.38,2.53,1.17,1.32,3.95,3.89,3.19,2.34,7.67,8.1,11.62,10.98,11.93,8.34,10.79,5.83,0.77,0.51,0.38,0.26,1.28,0.78,1.04,0.47,2.49,1.62,3.77,2.19
G30,33,Sikkim NT,Sikkim,97,95,86,47,88.7,49.5,6.7,7,24,31,0,0,0,0,18.8,17.9,0,0,0,0,774,870,7.98,9.16,6.67,5.63,53.18,51.59,3.3,4.28,623,555,375,441,60.2,79.5,12.8,13.1,36.2,37.9,3410,2901,3908,3661,-498,-760,18109.4,16215.76,20754.12,20463.95,-2644.72,-4248.18,9631.41,8366.26,11037.99,10558.04,-1406.58,-2191.78,3054,2715,588,530,91,40,119,100,0,0,0,0,56,56,0,220,-442,-704,78.15,74.16,15.05,14.48,2.33,1.09,3.05,2.73,0,0,0,0,1.43,1.53,0,6.01,162.19,151.76,31.23,29.63,4.83,2.24,6.32,5.59,0,0,0,0,2.97,3.13,0,12.3
G31,20,Metro TC (Chennai) Limited,Tamil Nadu,3660,3585,3210,3050,87.7,85.1,5.1,4.3,NaN,10.1,1813,1487,119,124,3600.4,3442.7,0.5,0.43,0.03,0.04,23982,23519,6.55,6.56,41.13,40.1,269.51,263.1,4.33,4.34,257947,247877,192169,187962,74.5,75.8,18068,17544,1352.5,1340.7,135486.14,125263.34,149679.69,136888.28,-14193.55,-11624.94,3763.05,3638.48,4157.27,3976.14,-394.22,-337.67,10141.94,5215.2,11204.41,10461.27,-1062.47,-888.4,74217.76,68242.21,47772.73,38446.19,3320.98,3289.67,4385.66,4353.86,7683.12,7705.42,5466.71,7945.35,1070.39,1053.55,5762.34,5852.03,-13123.16,-10571.39,49.58,49.85,31.92,28.09,2.22,2.4,2.93,3.18,5.13,5.63,3.65,5.8,0.72,0.77,3.85,4.28,20.61,19.82,13.27,11.17,0.92,0.96,1.22,1.26,2.13,2.24,1.52,2.31,0.3,0.31,1.6,1.7
G31,35,State Exp.TC TN Ltd.,Tamil Nadu,1108,1042,1019,932,92,89.4,3.1,3,50.2,47.4,389,363,85,59,2253.4,2040.9,0.17,0.18,0.04,0.03,6867,7002,6.2,6.72,89.9,79.86,557.19,536.61,5.08,5.05,91735.1,85512.9,75715.8,67142.7,82.5,78.5,270.1,241.8,66.8,63.6,61943.84,50753.62,75115.96,64228.91,-13172.12,-13475.29,2748.93,2486.85,3333.48,3147.12,-584.55,-660.27,15316.71,13344.63,18573.75,16887.68,-3257.04,-3543.05,25384.48,23884.21,25400.74,19796.99,1768.14,1172.71,891.04,783.37,6695.42,6355.58,4675.09,4409.91,904.27,1003.68,9396.78,6822.46,-12267.85,-12471.61,33.79,37.19,33.82,30.82,2.35,1.83,1.19,1.22,8.91,9.9,6.22,6.87,1.2,1.56,12.51,10.62,11.27,11.7,11.27,9.7,0.78,0.57,0.4,0.38,2.97,3.11,2.07,2.16,0.4,0.49,4.17,3.34
G31,37,TN STC (Coimbatore) Ltd.,Tamil Nadu,3207,3129,3083,3016,96.1,96.4,5.1,4.6,41.4,30.88,813,759,168,172,4645.9,4560.4,0.17,0.17,0.04,0.04,19152,17555,5.97,5.61,66.46,71.17,396.89,399.3,5.17,5.16,333801.2,321972.8,227784.3,223704.7,68.2,69.5,9023.3,9142.2,770.9,800.5,123538.63,113779.64,144411.17,130548.54,-20872.54,-16768.9,2659.11,2494.95,3108.38,2862.66,-449.27,-367.71,10553.85,9962.45,12336.98,11430.72,-1783.13,-1468.27,66591.89,60670.56,51862.74,43411.01,3826.05,3954.98,2186.55,2174.79,6468.3,7000.14,5471.22,5512.05,3458.46,3384.21,4545.96,4440.8,-17414.08,-13384.69,46.11,46.47,35.91,33.25,2.65,3.03,1.51,1.67,4.48,5.36,3.79,4.22,2.39,2.59,3.15,3.4,14.33,13.3,11.16,9.52,0.82,0.87,0.47,0.48,1.39,1.53,1.18,1.21,0.74,0.74,0.98,0.97
G31,38,TN STC (Kumbakonam) Ltd.,Tamil Nadu,3760,3678,3602,3488,95.8,94.8,5.1,4.7,44.8,34.4,1044,1093,221,263,6200.7,6137.2,0.17,0.18,0.04,0.04,23329,22106,6.2,6.01,72.82,76.06,451.81,457.16,5.59,5.58,388195,384238,268500,264657.7,69.2,68.9,10749.6,10616.6,783.3,790.8,157915.86,145906.22,172382.43,154121.2,-14466.57,-8214.98,2546.76,2377.4,2780.07,2511.26,-233.31,-133.86,11506.55,10868.49,12560.66,11480.42,-1054.11,-611.93,75499.79,67345.63,64423.27,54457.2,4972.93,5189.5,2992.28,2765.35,6161.29,6455.06,5708.23,7079.41,4183.47,4063.3,8441.17,6765.75,-10283.1,-4151.68,43.8,43.7,37.37,35.33,2.88,3.37,1.74,1.79,3.57,4.19,3.31,4.59,2.43,2.64,4.9,4.39,12.18,10.97,10.39,8.87,0.8,0.85,0.48,0.45,0.99,1.05,0.92,1.15,0.67,0.66,1.36,1.1
G31,39,TN STC (Madurai) Ltd.,Tamil Nadu,2509,2409,2398,2393,95.6,99.3,4.8,4.3,26.5,22.3,640,702,128,145,3898.4,3878.9,0.16,0.18,0.03,0.04,14813,14735,5.9,6.12,72.1,72.12,425.69,441.14,5.37,5.37,265797.7,258912.6,190220.8,188090.9,71.6,72.6,6713.5,6796.8,733.1,773,105100.23,99484.78,116236,105415.79,-11135.77,-5931.01,2695.98,2564.78,2981.63,2717.69,-285.65,-152.91,11476.52,11314.28,12692.5,11988.81,-1215.98,-674.53,53331.69,48470.53,42416.77,35934.88,3175.27,3173.78,1690.99,1535.57,3702.3,3769.34,3826.32,4725.82,2292.38,2218.88,5800.28,5586.99,-8843.39,-3712.13,45.88,45.98,36.49,34.09,2.73,3.01,1.45,1.46,3.19,3.58,3.29,4.48,1.97,2.1,4.99,5.3,13.68,12.5,10.88,9.26,0.81,0.82,0.43,0.4,0.95,0.97,0.98,1.22,0.59,0.57,1.49,1.44
G31,40,TN STC (Salem) Ltd.,Tamil Nadu,2123,2107,2042,2021,96.2,95.9,5.7,5,58.3,38.6,198,205,NaN,NaN,3667.7,3688.5,0.05,0.06,NaN,NaN,13427,13075,6.32,6.21,74.84,77.29,473.32,479.61,5.47,5.42,234325.5,236292.1,165293.2,167153.1,70.5,70.7,5654.6,5879.9,729.7,764.6,86744.91,82270.52,103254.53,91950.94,-16509.62,-9680.42,2365.1,2230.47,2815.24,2492.92,-450.14,-262.45,11194.41,10697.61,13324.97,11956.35,-2130.56,-1258.74,44212.34,39237.97,38945.53,33536.95,1518.33,1464.83,2201.65,2358.48,4436.5,4589.61,3133.79,2584.48,2466.47,2529.63,6339.92,5648.99,-14043.15,-7150.79,42.82,42.67,37.72,36.47,1.47,1.59,2.13,2.56,4.3,4.99,3.04,2.81,2.39,2.75,6.14,6.14,12.05,10.64,10.62,9.09,0.41,0.4,0.6,0.64,1.21,1.24,0.85,0.7,0.67,0.69,1.73,1.53
G31,41,TN STC (Villupuram) Ltd.,Tamil Nadu,3469,3400,3311,3237,95.4,95.2,4.9,4.7,44.3,36.3,1376,1446,211,204,6032.8,5970,0.23,0.24,0.03,0.03,22821,22629,6.58,6.66,72.43,72.28,476.45,481.06,5.56,5.58,376590.6,374536.6,284793.5,280068.6,75.6,74.8,8498,8568.1,671.2,690.4,153204.52,142883,166326.28,147791.43,-13121.76,-4908.43,2539.53,2393.35,2757.03,2475.57,-217.51,-82.22,12099.69,11513.54,13136.02,11909.06,-1036.32,-395.52,71426.07,64508.23,63106.75,52616.87,3986.39,4267.82,2735.1,3275.02,4538.82,4393.43,6181.69,5895.49,4180.36,4114.39,10171.1,8720.18,-8941.4,-794.04,42.94,43.65,37.94,35.6,2.4,2.89,1.64,2.22,2.73,2.97,3.72,3.99,2.51,2.78,6.12,5.9,11.84,10.81,10.46,8.81,0.66,0.71,0.45,0.55,0.75,0.74,1.02,0.99,0.69,0.69,1.69,1.46
G32,42,Tripura RTC,Tripura,47,63,36,35,76.6,55.6,6.2,5.9,16.3,14.3,0,0,0,0,12.2,15.6,0,0,0,0,467,480,9.94,7.62,7.16,8.9,71.12,67.84,5.02,4.95,585.4,655.2,353.6,393.1,60.4,60,6.6,8.8,38.5,38.3,330.07,1900,1890.27,3175,-1560.2,-1275,2705.49,12179.49,15494.02,20352.56,-12788.52,-8173.08,1924.05,8262.67,11018.77,13807.35,-9094.72,-5544.68,1445,1460,111.41,180,19.14,50,40.49,70,0,1160,70,80,10.57,25,193.66,150,-1549.63,-1250,76.44,45.98,5.89,5.67,1.01,1.57,2.14,2.2,0,36.54,3.7,2.52,0.56,0.79,10.25,4.72,118.44,93.59,9.13,11.54,1.57,3.21,3.32,4.49,0,74.36,5.74,5.13,0.87,1.6,15.87,9.62
G33,43,Uttar Pradesh SRTC,Uttar Pradesh,9600,8893,9318,8634,97.1,97.1,NaN,NaN,NaN,NaN,766,798,300,304,11729,11122,0.07,0.07,0.03,0.03,26595,27172,2.77,3.06,120.83,112.14,334.73,342.64,5.16,5.18,563005,533846,365953,384369,65,72,5356,5265,152.9,162.2,291465.63,252935.8,305108.87,261195.82,-13643.24,-8260.02,2485,2274.19,2601.32,2348.46,-116.32,-74.27,8318.08,7792.36,8707.44,8046.83,-389.36,-254.47,92652.78,82019.2,102880.68,82135.74,6936.21,7260.08,7044.69,7250.5,4026.9,2833.85,14598.6,12698.55,26523,29366.49,50446.01,37631.41,12879.76,21106.47,30.37,31.4,33.72,31.45,2.27,2.78,2.31,2.78,1.32,1.08,4.78,4.86,8.69,11.24,16.53,14.41,7.9,7.37,8.77,7.38,0.59,0.65,0.6,0.65,0.34,0.25,1.24,1.14,2.26,2.64,4.3,3.38
G34,44,Uttarakhand TC,Uttarakhand,1225,1215,1145,1133,93.5,93.3,4.5,4,35,40,112,109,46,59,1404.7,1324,0.08,0.08,0.03,0.04,7804,7588,6.37,6.25,49.31,47.8,314.15,298.55,4.66,4.71,1515.7,1419.4,1376.6,1297.5,90.8,91.4,350.72,358.78,78.4,80.9,40428.84,33714.68,44456.75,36249.48,-4027.91,-2534.8,2878.21,2546.46,3164.97,2737.92,-286.76,-191.45,9041.95,7602.39,9942.8,8173.96,-900.85,-571.58,14537.24,12293.17,17155.56,13720.36,2138.19,1118.2,2127.64,1149.51,0,0,2097.34,2325.32,3548.77,2722.57,2852.01,2920.35,-479.14,187.77,32.7,33.91,38.59,37.85,4.81,3.08,4.79,3.17,0,0,4.72,6.41,7.98,7.51,6.42,8.06,10.35,9.29,12.21,10.36,1.52,0.84,1.51,0.87,0,0,1.49,1.76,2.53,2.06,2.03,2.21
G35,8,Calcutta STC,West Bengal,718,779,309,380,43,48.8,5.7,5.4,21.7,17,91,90,6,11,215.7,260.4,0.42,0.35,0.03,0.04,5059,5485,7.05,7.04,11.68,13.01,82.31,91.57,2.96,2.97,12277,14777.5,10120,12175,82.4,82.4,865.1,1077.2,330.1,378.8,6197.6,7043.71,23052.52,21853.94,-16854.92,-14810.23,2873.25,2705.27,10687.31,8393.42,-7814.06,-5688.15,2364.86,2477.26,8796.32,7685.98,-6431.46,-5208.73,16894.16,15369.37,4439.42,4582.29,181.87,372.56,321.54,311.71,0,0,800,800,0,0,415.53,418.01,-16854.92,-14810.23,73.29,70.33,19.26,20.97,0.79,1.7,1.39,1.43,NaN,NaN,3.47,3.66,0,0,1.8,1.91,78.32,59.03,20.58,17.6,0.84,1.43,1.49,1.2,NaN,NaN,3.71,3.07,0,0,1.93,1.61
G35,24,North Bengal STC,West Bengal,688,720,455,438,66.1,60.8,8.4,7.4,40,64,61,79,12,8,361.9,404.3,0.17,0.2,0.03,0.02,3111,3410,4.52,4.74,31.87,32.48,144.12,153.84,3.94,4.01,18095,20214,14560.3,15614.4,80.5,77.2,645,672.4,256.8,255.9,7255.45,7511.84,18876.49,17931.44,-11621.04,-10419.6,2004.77,1858.03,5215.8,4435.29,-3211.03,-2577.26,2889.24,2858.39,7516.92,6823.23,-4627.68,-3964.84,9834.17,9562.08,5615.37,5215.03,481.37,331.01,437.46,291.31,1302,1367.1,580,609,2.17,0,623.95,555.91,-11618.87,-10419.6,52.1,53.33,29.75,29.08,2.55,1.85,2.32,1.62,6.9,7.62,3.07,3.4,0.01,0,3.31,3.1,27.17,23.65,15.52,12.9,1.33,0.82,1.21,0.72,3.6,3.38,1.6,1.51,0.01,0,1.72,1.38
G35,34,South Bengal STC,West Bengal,424,477,335,320,79,67.1,6.1,6.3,8.4,8.5,59,88,13,19,353.8,358.4,0.17,0.25,0.04,0.05,2031,2244,4.79,4.7,47.72,43.76,228.6,205.86,4.1,4.12,17689,17921,16734.1,16039.8,94.6,89.5,957.5,948.1,618.7,544.5,13492.79,12407.31,17039.97,16574.55,-3547.18,-4167.24,3813.89,3461.67,4816.54,4624.34,-1002.65,-1162.67,8718.53,7126.34,11010.58,9519.86,-2292.05,-2393.52,7012.99,7289.06,5070.82,4423.68,307.36,267.43,393.33,704.1,2193.27,2133.07,965.41,997.06,410.34,394.93,686.45,365.22,-3136.84,-3772.31,41.16,43.98,29.76,26.69,1.8,1.61,2.31,4.25,12.87,12.87,5.67,6.02,2.41,2.38,4.03,2.2,19.82,20.34,14.33,12.34,0.87,0.75,1.11,1.96,6.2,5.95,2.73,2.78,1.16,1.1,1.94,1.02
